date,total_transactions,tpv,success_rate,failure_rate,avg_ticket_size,refunds,unique_merchants,total_transactions_baseline_7d,total_transactions_baseline_30d,total_transactions_pct_change_7d,total_transactions_pct_change_30d,tpv_baseline_7d,tpv_baseline_30d,tpv_pct_change_7d,tpv_pct_change_30d,success_rate_baseline_7d,success_rate_baseline_30d,success_rate_pct_change_7d,success_rate_pct_change_30d,failure_rate_baseline_7d,failure_rate_baseline_30d,failure_rate_pct_change_7d,failure_rate_pct_change_30d,avg_ticket_size_baseline_7d,avg_ticket_size_baseline_30d,avg_ticket_size_pct_change_7d,avg_ticket_size_pct_change_30d,refunds_baseline_7d,refunds_baseline_30d,refunds_pct_change_7d,refunds_pct_change_30d,unique_merchants_baseline_7d,unique_merchants_baseline_30d,unique_merchants_pct_change_7d,unique_merchants_pct_change_30d
2026-02-01,464569,2108.02,97.95,1.77,453.76,1934,148921,,,,,,,,,,,,,,,,,,,,,,,,,,,,
2026-02-02,499415,2273.32,98.03,1.77,455.2,1942,150714,,,,,,,,,,,,,,,,,,,,,,,,,,,,
2026-02-03,508097,2234.61,98.42,1.34,439.8,2243,150376,,,,,,,,,,,,,,,,,,,,,,,,,,,,
2026-02-04,517703,2347.7,98.38,1.48,453.48,1498,150212,499415.0,,3.661884404753562,,2234.61,,5.060838356581224,,98.03,,0.3570335611547427,,1.77,,-16.384180790960453,,453.76,,-0.06170662905500104,,1942.0,,-22.86302780638517,,150376.0,,-0.10905995637601744,
2026-02-05,500843,2275.81,98.19,1.67,454.4,2062,150494,503756.0,,-0.5782561398772421,,2253.965,,0.9691809766344995,,98.205,,-0.01527417137620342,,1.625,,2.7692307692307647,,453.62,,0.17195009038401585,,1938.0,,6.398348813209494,,150294.0,,0.13307251121135905,
2026-02-06,501639,2203.62,98.24,1.66,439.28,2199,150878,500843.0,,0.15893204057958282,,2273.32,,-3.066000387099056,,98.19,,0.05092168245238533,,1.67,,-0.5988023952095813,,453.76,,-3.1911142454160832,,1942.0,,13.233779608650876,,150376.0,,0.3338298664680534,
2026-02-07,479084,2289.96,98.58,1.28,477.99,1562,150288,501241.0,,-4.420428496471757,,2253.965,,1.5969635730812097,,98.215,,0.3716336608460977,,1.665,,-23.123123123123122,,453.62,,5.372338080331556,,2002.0,,-21.978021978021978,,150435.0,,-0.0977166217967893,
2026-02-08,472291,2158.88,98.02,1.82,457.11,2159,150217,500843.0,,-5.7007884706385035,,2273.32,,-5.034047120510973,,98.24,,-0.22394136807817475,,1.66,,9.63855421686748,,453.76,,0.7382757404795537,,1942.0,,11.1740473738414,,150376.0,,-0.10573495770601692,
2026-02-09,501645,2167.76,98.36,1.5,432.13,2091,151116,500843.0,,0.16013002078495656,,2273.32,,-4.643428993718436,,98.24,,0.12214983713355512,,1.66,,-9.638554216867465,,454.4,,-4.9009683098591506,,2062.0,,1.4064015518913677,,150376.0,,0.49209980316007873,
2026-02-10,512703,2357.66,98.14,1.74,459.85,1944,150297,501639.0,,2.2055701410775477,,2234.61,,5.506553716308426,,98.36,,-0.22366815778771745,,1.5,,16.0,,453.48,,1.404692599453119,,2091.0,,-7.030129124820659,,150376.0,,-0.05253497898600841,
2026-02-11,503291,2191.23,98.13,1.74,435.38,2172,151526,501639.0,501241.0,0.3293204874421646,0.4089848994794919,2275.81,2253.965,-3.7164789679279,-2.7833173984511794,98.24,98.215,-0.11197068403908737,-0.08654482512855262,1.66,1.665,4.81927710843374,4.504504504504501,454.4,454.08,-4.1857394366197145,-4.118217054263564,2062.0,2003.0,5.33462657613967,8.437343984023963,150297.0,150336.5,0.8177142591003148,0.791225018541738
2026-02-12,504060,2327.78,98.53,1.28,461.81,2588,149957,501639.0,501639.0,0.48261797826724,0.48261797826724,2203.62,2234.61,5.634365271689325,4.16940763712684,98.19,98.19,0.34626744067624343,0.34626744067624343,1.67,1.67,-23.35329341317365,-23.35329341317365,454.4,453.76,1.630721830985921,1.774065585331455,2091.0,2062.0,23.768531802965086,25.50921435499515,150494.0,150376.0,-0.35682485680492243,-0.2786348885460446
2026-02-13,512066,2393.29,98.45,1.41,467.38,2094,152263,501645.0,501642.0,2.077365467611558,2.0779759270555496,2203.62,2253.965,8.607200878554384,6.181329346285316,98.24,98.215,0.21376221498372147,0.23927098712009306,1.66,1.665,-15.060240963855422,-15.315315315315322,457.11,454.08,2.2467239832862944,2.9289992952783677,2159.0,2076.5,-3.0106530801296896,0.842764266795088,150297.0,150336.5,1.3080766748504626,1.2814585945528862
2026-02-14,451599,1976.6,98.44,1.38,437.69,1862,151938,503291.0,501645.0,-10.270797610130124,-9.97637771731005,2289.96,2273.32,-13.684081818023028,-13.052275966427965,98.36,98.24,0.08133387555916866,0.20358306188925374,1.5,1.66,-8.000000000000007,-16.867469879518072,459.85,454.4,-4.818962705229971,-3.6773767605633756,2094.0,2091.0,-11.0792741165234,-10.95169775227164,150297.0,150376.0,1.0918381604423242,1.0387295845081663
2026-02-15,454079,2108.97,98.59,1.21,464.45,1712,151884,503291.0,501642.0,-9.778040934568669,-9.481462875915494,2191.23,2253.965,-3.754055941183729,-6.432886047476351,98.36,98.3,0.23383489223261894,0.29501525940997586,1.5,1.58,-19.333333333333336,-23.417721518987346,457.11,454.08,1.6057404125921497,2.283738548273433,2094.0,2076.5,-18.242597898758355,-17.553575728389117,151116.0,150435.0,0.5082188517430318,0.9632067005683518
2026-02-16,506242,2309.43,98.21,1.56,456.19,1809,152586,503291.0,501639.0,0.5863407054765534,0.9175921329880651,2191.23,2234.61,5.394230637587101,3.348235262529019,98.44,98.36,-0.23364485981308816,-0.15250101667345028,1.41,1.5,10.638297872340436,4.0000000000000036,459.85,454.4,-0.7959117103403338,0.3939260563380327,2091.0,2062.0,-13.486370157819225,-12.269641125121241,151526.0,150494.0,0.6995499122262846,1.390088641407631
2026-02-17,502412,2322.81,98.4,1.49,462.33,2218,153252,504060.0,501642.0,-0.32694520493592033,0.15349591940068813,2309.43,2253.965,0.579363739104459,3.0543952545846893,98.44,98.3,-0.040633888663136976,0.10172939979654987,1.41,1.53,5.6737588652482325,-2.6143790849673225,459.85,454.79999999999995,0.5393062955311431,1.655672823219004,1944.0,2003.0,14.094650205761317,10.733899151273091,151884.0,150604.0,0.9006873666745675,1.7582534328437494
2026-02-18,516827,2472.77,98.11,1.63,478.45,1846,152851,503291.0,501645.0,2.689497725967681,3.0264430025217037,2309.43,2273.32,7.072740892774414,8.77351186810479,98.44,98.36,-0.33522958147094506,-0.2541683611224075,1.41,1.5,15.602836879432624,8.66666666666666,461.81,455.2,3.6032134427578413,5.107644991212654,2094.0,2062.0,-11.843361986628462,-10.475266731328807,151938.0,150714.0,0.6009029999078571,1.417917379938161
2026-02-19,505058,2254.17,98.3,1.48,446.32,2038,150687,504060.0,502028.5,0.1979923025036702,0.603451796063371,2322.81,2274.565,-2.9550415229829334,-0.8966549647954656,98.44,98.3,-0.1422186103210083,0.0,1.41,1.53,4.964539007092203,-3.2679738562091534,462.33,455.695,-3.4628944693184502,-2.0572970956451138,1862.0,2003.0,9.452201933404941,1.7473789316025963,152263.0,150796.0,-1.0350511943150995,-0.0722830844319478
2026-02-20,500647,2196.31,98.16,1.72,438.69,1883,151256,505058.0,502412.0,-0.8733650392628174,-0.3513053032172799,2309.43,2273.32,-4.898178338377863,-3.3875565252582223,98.4,98.3,-0.24390243902439948,-0.14242115971515826,1.48,1.5,16.216216216216218,14.666666666666664,462.33,455.2,-5.113230809162284,-3.6269771528998227,1862.0,2038.0,1.1278195488721803,-7.60549558390579,152263.0,150714.0,-0.6613556806315388,0.3596215348275542
2026-02-21,488635,2133.66,98.23,1.5,436.66,2071,151900,502412.0,502028.5,-2.7421717634132943,-2.667876425342386,2254.17,2263.745,-5.346091909660772,-5.7464511241328,98.3,98.27,-0.0712105798575719,-0.040704182354728856,1.49,1.53,0.671140939597316,-1.960784313725492,456.19,454.79999999999995,-4.281110940616842,-3.9885664028144086,1862.0,1991.0,11.224489795918368,4.018081366147665,151938.0,150796.0,-0.02501020152957127,0.7321149102098199
2026-02-22,473309,2071.97,98.38,1.34,437.76,1972,152540,502412.0,501645.0,-5.79265622636402,-5.648616053185021,2254.17,2254.17,-8.082797659448945,-8.082797659448945,98.23,98.24,0.15270284027282038,0.14250814332247616,1.5,1.5,-10.666666666666663,-10.666666666666663,456.19,454.4,-4.039983340274887,-3.661971830985913,1883.0,2038.0,4.726500265533723,-3.23846908734053,151900.0,150878.0,0.4213298222514812,1.1015522475112343
2026-02-23,518299,2326.35,97.95,1.93,448.84,2342,153054,502412.0,501642.0,3.162145808619221,3.3204954928016397,2254.17,2244.3900000000003,3.202065505263571,3.651771750898889,98.23,98.27,-0.2850453018426154,-0.32563345883788863,1.5,1.5,28.666666666666664,28.666666666666664,446.32,454.08,0.5646173149309872,-1.1539816772374933,1972.0,2005.0,18.76267748478702,16.80798004987531,152540.0,150997.0,0.33696079716795596,1.3622787207692868
2026-02-24,503628,2292.1,98.83,1.02,455.12,1886,152179,502412.0,501645.0,0.24203243553099849,0.3952994647609365,2254.17,2254.17,1.6826592493023966,1.6826592493023966,98.23,98.24,0.6108113610913105,0.6005700325732933,1.5,1.5,-32.0,-32.0,446.32,453.76,1.9716795124574322,0.29971791255289437,2038.0,2038.0,-7.45829244357213,-7.45829244357213,152540.0,151116.0,-0.23665923692146323,0.7034331242224516
2026-02-25,513547,2332.28,97.9,1.84,454.15,1984,153029,503628.0,502028.5,1.9695092409476835,2.2943916530635216,2254.17,2263.745,3.4651335081205112,3.0275053064722535,98.23,98.27,-0.3359462486002222,-0.376513686781307,1.5,1.5,22.66666666666667,22.66666666666667,446.32,454.08,1.754346657107005,0.015415785764621472,1972.0,2005.0,0.6085192697768762,-1.0473815461346634,152179.0,151186.0,0.5585527569506963,1.21902821689839
2026-02-26,521153,2409.85,97.84,1.91,462.41,1829,152395,503628.0,502412.0,3.4797509272717164,3.730205488722403,2254.17,2273.32,6.906311413957236,6.005753699435176,98.23,98.24,-0.39702738470935617,-0.407166123778493,1.5,1.5,27.333333333333325,27.333333333333325,446.32,454.15,3.6050367449363754,1.8187823406363643,1984.0,1984.0,-7.8125,-7.8125,152179.0,151256.0,0.14193811235452988,0.7530279790553763
2026-02-27,508811,2290.64,98.55,1.32,450.2,1922,152630,503628.0,502851.5,1.0291326137545966,1.1851411400781344,2292.1,2274.565,-0.06369704637668673,0.7067285393031115,98.16,98.235,0.3973105134474334,0.3206596426935387,1.72,1.53,-23.255813953488367,-13.72549019607843,448.84,454.275,0.3030032973888276,-0.8970337350723657,1972.0,1978.0,-2.535496957403651,-2.8311425682507583,152395.0,151391.0,0.15420453426949704,0.8184106056502698
2026-02-28,483477,2281.06,98.44,1.42,471.8,2025,152114,508811.0,503291.0,-4.9790590219158,-3.936887407086556,2292.1,2275.81,-0.48165437808123396,0.23068709602295448,98.23,98.24,0.21378397638195432,0.20358306188925374,1.5,1.5,-5.3333333333333375,-5.3333333333333375,450.2,454.15,4.797867614393608,3.886381151601901,1972.0,1972.0,2.68762677484787,2.68762677484787,152540.0,151526.0,-0.2792710108823915,0.388052215461373
2026-03-01,474834,2117.9,98.39,1.44,446.03,2079,152621,508811.0,502851.5,-6.677725127797944,-5.571724455430679,2292.1,2278.435,-7.6000174512455745,-7.045845064704495,98.38,98.27,0.01016466761537418,0.12211254706421548,1.42,1.5,1.4084507042253533,-4.0000000000000036,454.15,454.275,-1.7879555213035352,-1.8149799130482647,1972.0,1978.0,5.425963488843814,5.106167846309403,152540.0,151705.0,0.053100826012849094,0.603803434296826
2026-03-02,520147,2552.89,98.39,1.41,490.8,1840,152398,508811.0,502412.0,2.2279392544579424,3.5299714178801462,2292.1,2275.81,11.37777583875049,12.175005822102897,98.39,98.3,0.0,0.09155645981689056,1.44,1.5,-2.0833333333333353,-6.000000000000005,454.15,454.15,8.070020918198841,8.070020918198841,1984.0,1984.0,-7.258064516129033,-7.258064516129033,152621.0,151884.0,-0.14611357545816106,0.33841615970082434
2026-03-03,517694,2378.21,98.2,1.58,459.39,2295,152819,508811.0,502851.5,1.7458348974373588,2.9516666451228644,2292.1,2278.435,3.7568168928057295,4.3791023224274594,98.39,98.33,-0.19310905579835116,-0.13220787145326499,1.42,1.495,11.267605633802827,5.685618729096987,455.12,454.275,0.9382140973809066,1.1259699521215143,1922.0,1978.0,19.406867845993755,16.0262891809909,152398.0,151892.0,0.2762503444927099,0.6103020567245149
2026-03-04,544241,2379.11,97.93,1.9,437.14,2545,154562,513547.0,503459.5,5.976862877205007,8.100254340220017,2332.28,2285.51,2.0079064263295967,4.0953660233383316,98.39,98.33,-0.46752718772232316,-0.40679345062543626,1.44,1.495,31.944444444444443,27.090301003344468,459.39,454.76,-4.843379263806352,-3.8745712023924717,1984.0,2004.5,28.276209677419356,26.964330256921926,152621.0,151919.0,1.2717778025304514,1.7397428893028521
2026-03-05,525458,2280.15,98.22,1.58,433.94,2210,153080,517694.0,503844.0,1.4997276383346148,4.289819864878812,2378.21,2290.3,-4.123269181443184,-0.44317338339955853,98.39,98.33,-0.17278178676694958,-0.11186819892199677,1.44,1.495,9.72222222222223,5.685618729096987,459.39,454.275,-5.539955157926814,-4.4763634362445615,2025.0,2031.5,9.135802469135802,8.786610878661087,152621.0,152026.0,0.30074498266948846,0.6933024614210727
2026-03-06,515264,2355.98,98.0,1.75,457.24,2544,156065,517694.0,503844.0,-0.46938925311091106,2.2665745746699373,2290.64,2290.3,2.852477910103733,2.867746583417012,98.39,98.27,-0.3963817461124104,-0.27475323089447035,1.44,1.5,21.527777777777782,16.666666666666664,450.2,454.275,1.563749444691253,0.652688349568,2079.0,2031.5,22.366522366522368,25.22766428747231,152630.0,152146.5,2.2505405228329947,2.575478239722899
2026-03-07,493003,2201.99,98.49,1.4,446.65,1781,154474,517694.0,503844.0,-4.769419773070578,-2.1516580528893865,2355.98,2290.3,-6.53613358347695,-3.855826747587669,98.22,98.235,0.27489309712889026,0.25958161551381426,1.58,1.53,-11.392405063291148,-8.496732026143798,457.24,454.76,-2.316070335053808,-1.7833582549036886,2210.0,2050.0,-19.411764705882355,-13.121951219512196,152819.0,152221.0,1.082980519438028,1.4800848765938996
2026-03-08,473899,2183.3,98.16,1.69,460.71,1600,154347,517694.0,503844.0,-8.459630592589445,-5.943307849254928,2355.98,2290.3,-7.3294340359425725,-4.671877046675108,98.22,98.27,-0.061087354917534385,-0.11193650147552604,1.58,1.5,6.962025316455687,12.666666666666663,446.65,454.635,3.1478786521885156,1.33623676135801,2210.0,2031.5,-27.601809954751133,-21.240462712281566,153080.0,152329.0,0.8276718055918474,1.3247641617814074
2026-03-09,531008,2427.23,97.95,1.8,457.1,1651,153633,517694.0,503844.0,2.5717895127237327,5.391351291272695,2355.98,2290.3,3.024219220876238,5.97869274767497,98.2,98.265,-0.2545824847250509,-0.3205617462982728,1.58,1.5,13.924050632911388,20.000000000000004,457.24,455.655,-0.030618493570113363,0.3171258956886351,2210.0,2004.5,-25.294117647058822,-17.635320528810176,154347.0,152396.5,-0.4625940251511205,0.8113703398700101
2026-03-10,508843,2284.23,98.1,1.62,448.91,2415,155000,517694.0,504559.0,-1.7096972342735284,0.8490582865432982,2355.98,2291.37,-3.045441811899931,-0.3116039749145652,98.16,98.225,-0.06112469437653044,-0.12725884448969205,1.69,1.53,-4.142011834319518,5.8823529411764754,457.1,455.655,-1.7917304747320055,-1.4802866203596907,2210.0,2004.5,9.276018099547512,20.478922424544773,154347.0,152469.0,0.42307268686790156,1.6600095757170312
2026-03-11,516310,2257.81,98.32,1.47,437.3,2234,154099,515264.0,505650.0,0.20300273257980375,2.108177593196875,2284.23,2291.37,-1.1566260840633418,-1.4646259661250671,98.1,98.225,0.2242609582059112,0.09671672181216479,1.69,1.53,-13.017751479289942,-3.921568627450984,448.91,454.635,-2.5862645073622805,-3.8129488490767276,2210.0,2004.5,1.085972850678733,11.44923921177351,154474.0,152563.0,-0.24275929929955853,1.0067971919797067
2026-03-12,533291,2278.63,98.03,1.76,427.28,2118,154777,515264.0,507526.5,3.4985948950440937,5.076483690999386,2280.15,2291.37,-0.06666228099028493,-0.5559992493573618,98.16,98.225,-0.13243683781580629,-0.19852379740391263,1.62,1.53,8.64197530864197,15.032679738562091,448.91,454.635,-4.818337751442394,-6.016914667810445,2210.0,2004.5,-4.162895927601809,5.662259915190821,154347.0,152603.5,0.2785930403571174,1.424279259650008
2026-03-13,539857,2393.2,97.95,1.93,443.3,2234,156848,515264.0,507526.5,4.772893118867221,6.3702092403056785,2278.63,2287.435,5.028021223278887,4.6237379422803215,98.1,98.225,-0.15290519877674974,-0.2799694578773138,1.69,1.53,14.201183431952662,26.1437908496732,448.91,452.17499999999995,-1.2496937025238943,-1.9627356665007896,2118.0,2031.5,5.476864966949953,9.968003937976864,154474.0,152625.5,1.5368282040990717,2.7665757032736993
2026-03-14,491856,2276.54,98.27,1.54,462.85,1690,154843,516310.0,508827.0,-4.736301834169394,-3.3353182908925825,2278.63,2291.37,-0.09172178019249047,-0.6472110571404849,98.1,98.225,0.17329255861366127,0.04581318401629087,1.69,1.53,-8.875739644970409,0.6535947712418306,446.65,452.17499999999995,3.6270010075002905,2.36081163266436,2118.0,2031.5,-20.20774315391879,-16.810238739847403,154474.0,152724.5,0.23887515051076555,1.3871382784032686
2026-03-15,489776,2219.72,98.27,1.52,453.21,2558,155959,516310.0,508827.0,-5.139160581820999,-3.7441016298270333,2278.63,2287.435,-2.5853253928896005,-2.9603026971258264,98.1,98.225,0.17329255861366127,0.04581318401629087,1.69,1.55,-10.059171597633132,-1.9354838709677438,448.91,452.17499999999995,0.9578757434674999,0.22889368054404272,2118.0,2004.5,20.77431539187913,27.612871040159643,154777.0,152835.0,0.7636793580441539,2.0440344162004775
2026-03-16,531181,2291.06,98.05,1.8,431.31,2159,154597,516310.0,507526.5,2.880246363618756,4.66074185288847,2278.63,2282.645,0.5455032190395034,0.36865127954631416,98.1,98.225,-0.05096839959224991,-0.17816238228556597,1.62,1.55,11.111111111111107,16.129032258064516,448.91,451.705,-3.9206076941926042,-4.515114953343439,2234.0,2004.5,-3.357206803939123,7.707657770017461,154843.0,152940.0,-0.15887059796051484,1.083431411010854
2026-03-17,519373,2350.67,98.06,1.79,452.6,2105,155252,516310.0,508827.0,0.5932482423350313,2.072610140578232,2278.63,2287.435,3.1615488253906934,2.7644501373809587,98.1,98.215,-0.04077471967379413,-0.15781703405793526,1.62,1.57,10.493827160493822,14.012738853503182,443.3,451.705,2.0979020979021006,0.1981381653955654,2234.0,2031.5,-5.774395702775291,3.618016244154566,154843.0,153041.5,0.2641385144953275,1.4443794657004798
2026-03-18,184899,842.73,62.0,36.5,455.78,2304,156816,519373.0,511195.0,-64.39957410184974,-63.83004528604545,2278.63,2290.85,-63.01593501358273,-63.21321780125281,98.06,98.205,-36.77340403834387,-36.86675831169492,1.76,1.58,1973.8636363636363,2210.1265822784812,443.3,451.4,2.8152492668621614,0.9703145768719529,2159.0,2054.5,6.716072255673923,12.144073983937698,154843.0,153067.0,1.2741938608784382,2.4492542481397037
2026-03-19,531854,2322.83,97.77,2.13,436.74,2255,155018,519373.0,511195.0,2.4030898795278155,4.041314958088401,2278.63,2287.435,1.939762050003722,1.5473663732521352,98.05,98.18,-0.28556858745538105,-0.41760032593197266,1.79,1.6,18.99441340782122,33.124999999999986,452.6,451.4,-3.5041979673000467,-3.2476739034116013,2159.0,2075.0,4.44650301065308,8.674698795180722,155252.0,153166.0,-0.15072269600391622,1.209145632842798
2026-03-20,548966,2483.01,97.78,2.06,452.31,2257,157089,519373.0,514405.5,5.697831808738614,6.718532364059094,2291.06,2287.435,8.37821794278632,8.549969725915721,98.05,98.16,-0.2753697093319694,-0.3871230643846734,1.8,1.625,14.444444444444446,26.769230769230774,452.6,449.555,-0.06407423773752109,0.6128282412608014,2234.0,2075.0,1.0295434198746642,8.771084337349398,155252.0,153356.5,1.183237575039291,2.433871404211755
2026-03-21,498732,2248.65,97.98,1.87,450.87,1797,156326,519373.0,514405.5,-3.9742150631626982,-3.0469153226394354,2291.06,2287.435,-1.851108220648951,-1.695567305737643,98.05,98.16,-0.07139214686383802,-0.18337408312957681,1.8,1.655,3.8888888888888924,12.990936555891244,452.6,449.555,-0.38223596995139597,0.2925114835782046,2255.0,2092.0,-20.31042128603104,-14.10133843212237,155252.0,153866.0,0.6917785278128462,1.598793755605527
2026-03-22,478572,2071.52,98.14,1.7,432.86,2027,155430,519373.0,514405.5,-7.85581845802535,-6.966002501917262,2291.06,2287.435,-9.582464012291252,-9.439175320828786,97.98,98.13,0.1632986323739504,0.010190563538168874,1.87,1.705,-9.090909090909099,-0.2932551319648162,452.31,450.53499999999997,-4.30014812849594,-3.923113631571344,2255.0,2092.0,-10.110864745011087,-3.107074569789675,155959.0,154223.0,-0.33919171064189946,0.7826329406119709
2026-03-23,543500,2474.92,98.29,1.58,455.37,2685,156505,519373.0,514405.5,4.645408983524365,5.655946524677516,2291.06,2287.435,8.025106282681385,8.196298474055007,97.98,98.12,0.3163911002245379,0.1732572360375068,1.87,1.6949999999999998,-15.508021390374333,-6.78466076696164,450.87,450.53499999999997,0.9980703972320182,1.0731685662601211,2159.0,2092.0,24.363131079203335,28.34608030592734,155430.0,154410.5,0.6916296725213923,1.356449205203014
2026-03-24,536634,2459.99,98.64,1.08,458.41,2507,156898,519373.0,515787.0,3.3234303670002094,4.041784690191882,2322.83,2290.85,5.904866047020223,7.383285679987772,97.98,98.12,0.6736068585425562,0.5299633102323644,1.87,1.6949999999999998,-42.24598930481283,-36.28318584070796,452.31,451.59000000000003,1.348632575003874,1.510219446843374,2255.0,2111.5,11.175166297117517,18.730760123135212,156326.0,154518.0,0.365902025254916,1.5402736250792788
2026-03-25,534267,2491.0,98.46,1.32,466.25,2562,156737,531854.0,517002.0,0.4536959391111094,3.3394454953752595,2322.83,2291.58,7.239875496700149,8.702292741252764,97.98,98.12,0.4898958971218511,0.3465144720749992,1.87,1.6949999999999998,-29.411764705882355,-22.123893805309724,452.31,452.45500000000004,3.081957064844907,3.048921992242313,2257.0,2138.5,13.513513513513514,19.803600654664486,156505.0,154579.5,0.14823807546084788,1.3957219424309175
2026-03-26,549035,2557.44,98.15,1.61,465.81,2055,155103,534267.0,517002.0,2.7641609906657156,6.195914135728682,2459.99,2291.58,3.9613982170659345,11.601602387872129,98.14,98.15,0.01018952516813238,0.0,1.7,1.655,-5.294117647058815,-2.7190332326283944,452.31,452.905,2.9846786495987265,2.849383424780038,2257.0,2138.5,-8.949933540097474,-3.904606032265607,156505.0,154687.0,-0.8958180249832274,0.2689301621985041
2026-03-27,554400,2380.23,98.19,1.55,429.33,1943,155898,536634.0,518533.5,3.310636299600845,6.916910864968223,2474.92,2306.9449999999997,-3.8259822539718478,3.1767120585883197,98.15,98.14500000000001,0.04075394803870814,0.04585052728105098,1.61,1.655,-3.7267080745341645,-6.344410876132929,455.37,452.905,-5.718426773832273,-5.205285876729113,2257.0,2138.5,-13.912272928666372,-9.141921907879356,156505.0,154810.0,-0.38784703364109774,0.7027969769394742
2026-03-28,509801,2222.39,97.9,1.9,435.93,2007,156401,536634.0,519760.0,-5.000242250770544,-1.91607665076189,2459.99,2306.9449999999997,-9.658575847869297,-3.6652369258911612,98.19,98.155,-0.2953457582238436,-0.2597931842493968,1.58,1.6150000000000002,20.253164556962012,17.64705882352939,455.37,452.45500000000004,-4.269055932538375,-3.652296913505218,2055.0,2138.5,-2.335766423357664,-6.149169978957213,156326.0,154921.5,0.04797666415055717,0.9549997902163354
2026-03-29,492803,2255.69,98.19,1.69,457.73,1984,156660,536634.0,518533.5,-8.167764249003977,-4.962167343093552,2459.99,2290.85,-8.304911808584578,-1.5348014928956437,98.19,98.155,0.0,0.0356578880342281,1.58,1.6150000000000002,6.962025316455687,4.643962848297196,455.37,451.59000000000003,0.5182598765838798,1.359640381762215,2055.0,2138.5,-3.454987834549878,-7.224690203413607,156401.0,155009.0,0.16559996419460232,1.0650994458386287
2026-03-30,542225,2481.8,98.11,1.68,457.71,2465,157336,536634.0,518533.5,1.0418646600848995,4.568942990182891,2459.99,2287.645,0.8865889698738777,8.487112292335576,98.19,98.155,-0.08147469192381944,-0.045845856044013755,1.58,1.655,6.329113924050624,1.5105740181268827,457.73,452.45500000000004,-0.004369388067209633,1.161441469317377,2055.0,2138.5,19.951338199513383,15.267711012391864,156505.0,155060.5,0.5309734513274336,1.4674917209734266
2026-03-31,550020,2517.58,98.3,1.49,457.73,1734,157102,536634.0,519760.0,2.4944375496148212,5.821917808219178,2459.99,2306.9449999999997,2.341066427099303,9.13047341830864,98.19,98.14500000000001,0.11202770139525352,0.15792959396809508,1.61,1.685,-7.453416149068329,-11.572700296735908,457.73,452.45500000000004,0.0,1.1658617984108866,2055.0,2184.5,-15.62043795620438,-20.622568093385212,156660.0,155177.5,0.2821396655176816,1.2401926825731824
2026-04-01,557876,2832.84,97.95,1.8,507.79,2658,156011,542225.0,522802.5,2.8864401309419523,6.708747567197938,2481.8,2336.75,14.14457248771053,21.229913341178992,98.19,98.14500000000001,-0.24442407577145828,-0.19868561821795036,1.61,1.685,11.80124223602484,6.824925816023739,457.73,452.905,10.936578332204574,12.118435433479439,2007.0,2184.5,32.436472346786246,21.67544060425727,156660.0,155341.0,-0.4142729477850121,0.4313091843106456
2026-04-02,542748,2488.84,98.36,1.46,458.56,2128,157504,549035.0,528233.0,-1.1451000391596164,2.747840441623299,2481.8,2336.75,0.2836650817954695,6.508612389001825,98.15,98.125,0.21395822720325394,0.23949044585987203,1.68,1.69,-13.095238095238093,-13.609467455621301,457.73,452.905,0.18132960478884586,1.248606219847436,2007.0,2222.0,6.028898854010962,-4.23042304230423,156401.0,155664.0,0.7052384575546192,1.1820330969267139
2026-04-03,546762,2553.56,98.66,1.21,467.03,2070,157808,542748.0,531094.5,0.7395697450750625,2.9500399646390614,2481.8,2336.75,2.891449754210644,9.278271103027707,98.19,98.125,0.4786638150524482,0.5452229299363023,1.68,1.69,-27.976190476190478,-28.402366863905325,457.73,452.905,2.0317654512485426,3.118755588920414,2007.0,2184.5,3.1390134529147984,-5.241474021515221,156660.0,155928.5,0.7327971403038427,1.2053601490426702
2026-04-04,494444,2295.75,98.17,1.68,464.31,1727,157887,542748.0,531094.5,-8.899894610390088,-6.900937592085778,2488.84,2336.75,-7.758232751000471,-1.7545736599978605,98.19,98.14500000000001,-0.02036867298095124,0.025472515156137826,1.68,1.685,0.0,-0.29673590504451725,457.73,454.28999999999996,1.4375286741091875,2.205639569438033,2070.0,2143.5,-16.570048309178745,-19.430837415442035,157102.0,155985.0,0.4996753701416914,1.2193480142321376
2026-04-05,494253,2272.43,98.32,1.51,459.77,1568,158424,542748.0,531094.5,-8.935085896217029,-6.93690105998085,2488.84,2336.75,-8.695215441731904,-2.75254092222104,98.19,98.14500000000001,0.13239637437620477,0.17830760609300825,1.68,1.685,-10.119047619047615,-10.385756676557865,458.56,455.575,0.2638695045359341,0.9208143554848255,2070.0,2123.0,-24.2512077294686,-26.14225153085257,157336.0,156038.0,0.6915137031575735,1.5291147028287981
2026-04-06,560157,2494.22,98.41,1.36,445.27,2471,158347,542748.0,531094.5,3.2075659422052225,5.472189977489881,2488.84,2309.29,0.21616496038313648,8.0080890663364,98.3,98.155,0.11190233977619475,0.2597931842493968,1.51,1.68,-9.933774834437079,-19.047619047619037,459.77,455.575,-3.1537507884376974,-2.2619766229490224,2070.0,2111.5,19.3719806763285,17.025811034809376,157504.0,156168.5,0.5352245022348638,1.3949676151080403
2026-04-07,566972,2615.92,98.08,1.71,461.38,2288,158167,546762.0,531517.5,3.6963066196992473,6.670429477862911,2494.22,2336.75,4.879280897434881,11.946934845404945,98.32,98.155,-0.24410089503660992,-0.07640976007335626,1.49,1.68,14.765100671140937,1.7857142857142874,459.77,455.575,0.3501750875437749,1.274213905504035,2070.0,2123.0,10.531400966183575,7.772020725388601,157808.0,156363.5,0.22749163540504916,1.153402168664682
2026-04-08,552003,2420.02,98.27,1.56,438.41,1851,157863,546762.0,532572.5,0.9585523500170093,3.6484234540837166,2494.22,2365.45,-2.9748779177458213,2.3069606206007385,98.32,98.14500000000001,-0.05085435313262526,0.1273625757807181,1.51,1.68,3.3112582781456985,-7.142857142857137,461.38,455.575,-4.9785426329706475,-3.767766009987371,2128.0,2143.5,-13.016917293233082,-13.64590622813156,157887.0,156453.0,-0.015200744836496988,0.9012291231232382
2026-04-09,564711,2521.14,98.2,1.5,446.45,1893,156711,546762.0,533779.0,3.282781173527056,5.794907630311421,2488.84,2365.45,1.2977933495122116,6.581834323278872,98.32,98.16,-0.12205044751829774,0.040749796251025115,1.51,1.65,-0.6622516556291397,-9.090909090909086,459.77,454.28999999999996,-2.89710072427518,-1.7257698826740573,2070.0,2143.5,-8.550724637681158,-11.686494051784464,157887.0,156582.5,-0.7448364969883524,0.08206536490348539
2026-04-10,558409,2472.19,98.23,1.55,442.72,2139,158503,552003.0,535450.5,1.1605009393064893,4.287697929126969,2494.22,2386.715,-0.8832420556326125,3.581282222636549,98.27,98.18,-0.040704182354728856,0.05092686901608999,1.51,1.645,2.6490066225165587,-5.7750759878419435,459.77,454.28999999999996,-3.7083759270939725,-2.5468313192013774,1893.0,2123.0,12.995245641838352,0.753650494583137,157887.0,156685.5,0.3901524508034227,1.1599669401444295
2026-04-11,504193,2275.06,97.97,1.88,451.23,2437,158446,558409.0,538245.5,-9.709012569639816,-6.32657402616464,2472.19,2406.6099999999997,-7.973901682314066,-5.4661951874213,98.23,98.18,-0.2646849231395756,-0.21389284986759824,1.55,1.645,21.290322580645153,14.28571428571428,446.45,454.28999999999996,1.070668607906827,-0.673578551145732,1893.0,2123.0,28.73745377707343,14.790390956194067,158167.0,156724.0,0.17639583478222387,1.0987468415813788
2026-04-12,515217,2497.36,98.21,1.67,484.72,1993,158617,558409.0,538245.5,-7.734832354063061,-4.278437999017177,2472.19,2406.6099999999997,1.0181256295025898,3.770864410934903,98.23,98.18,-0.020360378703054294,0.030556121409642416,1.55,1.645,7.74193548387096,1.5197568389057698,446.45,454.28999999999996,8.572068540710056,6.698364480838245,2139.0,2133.5,-6.825619448340346,-6.585423013827045,158347.0,156776.5,0.17051159794628254,1.1739642101973191
2026-04-13,573927,2421.92,98.35,1.52,421.99,1864,157498,558409.0,535450.5,2.7789666713824457,7.185818296929408,2494.22,2440.005,-2.898701798558256,-0.7411870057643339,98.21,98.19,0.14255167498218163,0.16294938384763888,1.56,1.6400000000000001,-2.5641025641025665,-7.317073170731714,446.45,455.575,-5.478777018703098,-7.3720024145310825,2139.0,2116.5,-12.856474988312295,-11.930073234112923,158347.0,156776.5,-0.5361642468755329,0.46020927881410795
2026-04-14,557200,2564.76,98.64,1.22,460.29,2160,157775,558409.0,539429.5,-0.21650797175546957,3.2943137147671755,2472.19,2440.955,3.744453298492436,5.071990266104877,98.21,98.19,0.43783728744527733,0.45829514207149696,1.56,1.6400000000000001,-21.7948717948718,-25.609756097560982,446.45,454.28999999999996,3.100011199462433,1.32074225714853,1993.0,2116.5,8.379327646763674,2.0552799433026223,158167.0,156857.0,-0.24783930908470164,0.5852464346506691
2026-04-15,575873,2452.12,98.49,1.38,425.81,2224,159602,557200.0,542486.5,3.351220387652548,6.15434669802843,2472.19,2466.09,-0.8118308058846675,-0.5664837860743223,98.23,98.19,0.2646849231395611,0.30553009471432646,1.55,1.6400000000000001,-10.96774193548388,-15.85365853658538,446.45,455.575,-4.623138089371707,-6.53350161883334,1993.0,2116.5,11.590566984445559,5.079140089770848,157863.0,156993.5,1.101588085871927,1.6615337577670413
2026-04-16,529900,2347.04,98.85,1.02,442.92,1405,158848,558409.0,543124.0,-5.105397656556395,-2.434803102054043,2472.19,2466.09,-5.062313171722241,-4.827479937877375,98.23,98.195,0.6311717397943504,0.6670400733234901,1.52,1.5950000000000002,-32.89473684210527,-36.05015673981192,446.45,455.575,-0.7906820472617253,-2.7778082642813966,2139.0,2116.5,-34.315100514259,-33.61682022206473,158446.0,157095.5,0.2537141991593351,1.1155634629890734
2026-04-17,569205,2654.4,97.97,1.87,466.33,2261,159545,557200.0,543124.0,2.1545226130653266,4.802034157945515,2452.12,2466.09,8.249188457334885,7.635974356167047,98.35,98.205,-0.3863751906456487,-0.2392953515605106,1.52,1.57,23.02631578947369,19.10828025477707,442.92,455.575,5.285378849453619,2.360752894693518,2139.0,2099.0,5.703599812996727,7.71796093377799,158503.0,157219.0,0.6574008062938872,1.4794649501650563
2026-04-18,516834,2330.74,98.46,1.4,450.96,2007,159142,557200.0,545131.0,-7.244436468054559,-5.190862379868325,2452.12,2473.5550000000003,-4.950002446862312,-5.773673922754921,98.35,98.205,0.11184544992374117,0.25966091339544367,1.52,1.57,-7.89473684210527,-10.828025477707016,451.23,456.53999999999996,-0.05983644704475293,-1.2222368248127184,2160.0,2099.0,-7.083333333333333,-4.383039542639352,158617.0,157417.0,0.33098595989080615,1.0958155726509842
2026-04-19,513582,2228.09,98.26,1.47,433.83,2233,159263,557200.0,545131.0,-7.828068916008614,-5.787416235730494,2452.12,2473.5550000000003,-9.136176043586763,-9.923571539747453,98.46,98.22,-0.20312817387770532,0.040724903278361084,1.4,1.5550000000000002,5.000000000000004,-5.466237942122198,450.96,456.53999999999996,-3.79856306546035,-4.974372453673277,2007.0,2062.5,11.260587942202292,8.266666666666666,158848.0,157501.0,0.26125604351329573,1.1187230557266303
2026-04-20,563432,2474.99,98.86,1.03,439.27,2774,160110,557200.0,543124.0,1.1184493898061738,3.7391093010067684,2421.92,2466.09,2.1912367047631514,0.36089518225205225,98.46,98.245,0.40625634775543945,0.6259860552699831,1.4,1.55,-26.428571428571423,-33.5483870967742,442.92,456.53999999999996,-0.8240765826785953,-3.7828010689096208,2160.0,2062.5,28.425925925925927,34.4969696969697,159142.0,157639.5,0.60826180392354,1.5671833518883276
2026-04-21,540812,2488.78,97.96,1.84,460.19,2467,159067,557200.0,545131.0,-2.9411342426417804,-0.7922866246828744,2452.12,2473.5550000000003,1.495032869517002,0.6155108740254374,98.49,98.265,-0.5381256980404114,-0.31038518292373357,1.38,1.5350000000000001,33.33333333333335,19.869706840390876,442.92,456.53999999999996,3.899123995303888,0.7994918298506231,2224.0,2099.0,10.926258992805755,17.53215817055741,159263.0,157791.5,-0.12306687680126584,0.8083451896965299
2026-04-22,1010739,3106.28,97.95,1.87,307.328,2170,159676,540812.0,545131.0,86.89285740701021,85.41213029528683,2452.12,2474.955,26.677324111381186,25.508544599800814,98.46,98.265,-0.5179768433881687,-0.3205617462982728,1.4,1.5350000000000001,33.571428571428584,21.824104234527685,442.92,457.72,-30.613203287275365,-32.8567683299834,2233.0,2133.5,-2.8213166144200628,1.7108038434497306,159263.0,157835.5,0.25931949040266733,1.1660874771518448
2026-04-23,568833,2578.22,98.02,1.68,453.25,1960,159350,540812.0,547898.5,5.18128295969764,3.820871931571267,2474.99,2478.395,4.170925943135125,4.027808319497087,98.26,98.245,-0.24424994911460318,-0.22901928851341902,1.47,1.5350000000000001,14.285714285714285,9.446254071661224,442.92,457.72,2.3322496161835056,-0.9765795682950335,2233.0,2133.5,-12.225705329153605,-8.132177173658308,159263.0,157875.0,0.05462662388627616,0.934283452098179
2026-04-24,582317,2624.41,97.56,2.31,450.68,3078,159492,563432.0,549527.5,3.3517798066137527,5.9668533421894265,2488.78,2485.29,5.4496580653974895,5.597737085008184,98.02,98.22,-0.4692919812283144,-0.6719609040928493,1.68,1.55,37.50000000000001,49.03225806451613,450.96,455.48,-0.06208976405889053,-1.053833318696762,2233.0,2099.0,37.841468875951634,46.6412577417818,159350.0,158027.0,0.08911201757138375,0.9270567687800185
2026-04-25,515686,2270.18,98.04,1.78,440.23,2078,159712,563432.0,551011.5,-8.474137074216587,-6.411027719022198,2488.78,2485.29,-8.783419988910243,-8.65532794965578,98.02,98.205,0.020403999183850472,-0.16801588513822316,1.68,1.5550000000000002,5.952380952380958,14.469453376205777,450.68,452.24,-2.318718381112982,-2.655669555987969,2233.0,2099.0,-6.941334527541423,-1.0004764173415912,159350.0,158257.0,0.22717288986507686,0.9193906114737421
2026-04-26,513386,2475.34,97.97,1.73,482.16,2057,160257,563432.0,551011.5,-8.882349600306693,-6.828441874625121,2488.78,2478.395,-0.5400236260336412,-0.12326525836276446,98.02,98.205,-0.05100999795959718,-0.2392953515605106,1.78,1.5550000000000002,-2.8089887640449462,11.25401929260449,440.23,451.095,9.524566703768485,6.886575998403884,2233.0,2103.0,-7.8817733990147785,-2.187351402757965,159492.0,158385.5,0.4796478820254307,1.1816106903725403
2026-04-27,562300,2583.82,98.25,1.48,459.51,2242,159817,563432.0,548391.0,-0.20091155631912988,2.5363290061288386,2488.78,2478.57,3.818738498380731,4.2464001420173725,97.97,98.205,0.28580177605389523,0.045822514128610256,1.78,1.615,-16.853932584269664,-8.359133126934985,450.68,452.24,1.9592615603088632,1.6075535114098667,2170.0,2103.0,3.317972350230415,6.609605325725154,159676.0,158435.0,0.0883038152258323,0.8722820083946098
2026-04-28,579213,2430.51,98.3,1.43,419.62,2374,161324,562300.0,551011.5,3.0078250044460253,5.118132743146014,2578.22,2485.29,-5.729146465390835,-2.204169332351546,97.97,98.22,0.3368378074920877,0.0814498065567077,1.78,1.5550000000000002,-19.66292134831461,-8.03858520900323,453.25,455.48,-7.419746276889133,-7.873013085097043,2170.0,2133.5,9.400921658986174,11.272556831497539,159676.0,158474.5,1.0320899822139833,1.798081079290359
2026-04-29,573345,2596.09,98.76,1.09,452.8,2251,159724,568833.0,554601.5,0.7932029259905807,3.3796338452023655,2578.22,2485.29,0.6931138537440694,4.4582322384912905,98.02,98.24000000000001,0.7549479698020906,0.529315960912048,1.73,1.5350000000000001,-36.99421965317919,-28.990228013029316,450.68,452.24,0.47040028401526685,0.12382805589952288,2170.0,2149.5,3.7327188940092166,4.722028378692719,159712.0,158560.0,0.007513524343818873,0.7341069626639758
2026-04-30,564356,2483.58,98.49,1.38,440.07,2095,160410,568833.0,557538.0,-0.7870499777614871,1.222876288252998,2578.22,2488.8100000000004,-3.670749586924307,-0.21014058927762555,98.04,98.255,0.45899632802936413,0.23917357895272445,1.68,1.5150000000000001,-17.85714285714286,-8.910891089108926,452.8,452.015,-2.8113957597173185,-2.6426114177626836,2242.0,2149.5,-6.5566458519179305,-2.5354733658990463,159724.0,158732.5,0.42949087175377526,1.056809412061172
2026-05-01,577063,2670.57,98.03,1.74,462.79,2150,160328,564356.0,558142.5,2.251592966141939,3.389904907796844,2483.58,2486.1800000000003,7.529050805691793,7.416598959045598,98.25,98.255,-0.2239185750636121,-0.22899597984834802,1.48,1.5150000000000001,17.56756756756757,14.851485148514843,450.68,451.095,2.6870506789739976,2.592580276881808,2242.0,2149.5,-4.1034790365744875,0.02326122354035822,159817.0,158957.5,0.3197407034295475,0.8621801424909173
2026-05-02,527261,2309.99,97.93,1.78,438.11,2100,161957,564356.0,559283.0,-6.5729787580888654,-5.725545028187876,2483.58,2486.1800000000003,-6.989507082517984,-7.086775696047772,98.25,98.255,-0.3256997455470668,-0.330771970892055,1.48,1.5150000000000001,20.270270270270274,17.491749174917484,452.8,451.095,-3.244257950530035,-2.878551081257831,2150.0,2144.5,-2.3255813953488373,-2.0750757752389837,160257.0,159104.5,1.0607960962703658,1.792846839655698
2026-05-03,537185,2408.09,98.35,1.44,448.28,2002,161077,564356.0,559283.0,-4.8145142427829235,-3.951130286456052,2483.58,2479.46,-3.0395638554022737,-2.878449339775592,98.25,98.24000000000001,0.10178117048345477,0.11197068403907288,1.48,1.5350000000000001,-2.7027027027027053,-6.188925081433237,452.8,450.82,-0.9982332155477117,-0.5634177720598067,2150.0,2144.5,-6.883720930232558,-6.644905572394498,160328.0,159202.5,0.4671673070206077,1.1774312589312355
2026-05-04,565546,2587.8,97.8,1.98,457.57,2060,161865,564356.0,559283.0,0.21085981189178463,1.1198266351739639,2483.58,2475.165,4.196361703669713,4.55060571719462,98.3,98.24000000000001,-0.508646998982706,-0.44788273615636387,1.44,1.5350000000000001,37.50000000000001,28.990228013029302,448.28,449.48,2.072365485857058,1.799857613241963,2150.0,2144.5,-4.186046511627907,-3.9403124271391934,160410.0,159306.5,0.9070506826257714,1.6060236085784323
2026-05-05,570635,2641.96,98.75,1.09,462.99,2312,159971,565546.0,561228.5,0.8998383862674301,1.6760552965503357,2483.58,2479.46,6.37708469225876,6.553846402039154,98.3,98.24000000000001,0.4577822990844383,0.5191368078175803,1.44,1.5350000000000001,-24.305555555555546,-28.990228013029316,448.28,449.48,3.281431248326947,3.0056954703212577,2100.0,2144.5,10.095238095238095,7.810678479832128,161077.0,159421.0,-0.6866281343705184,0.344998463188664
2026-05-06,570689,2465.35,98.55,1.19,432.0,2209,161493,565546.0,562866.0,0.9093866811895054,1.3898512256913722,2587.8,2486.1800000000003,-4.731818533116944,-0.8378315327128518,98.35,98.24000000000001,0.20335536349771516,0.3155537459283266,1.44,1.5350000000000001,-17.36111111111111,-22.4755700325733,452.8,449.48,-4.593639575971734,-3.8889383287354313,2100.0,2155.0,5.190476190476191,2.505800464037123,160410.0,159518.5,0.6751449410884608,1.2377874666574722
2026-05-07,559140,2488.08,98.06,1.8,444.98,2657,162111,565546.0,563894.0,-1.1327106902002666,-0.8430662500399011,2483.58,2479.46,0.18119005628971083,0.34765634452662636,98.35,98.24000000000001,-0.2948652770716747,-0.18322475570033267,1.44,1.5350000000000001,25.000000000000007,17.26384364820846,448.28,449.48,-0.7361470509502888,-1.001156892409006,2100.0,2155.0,26.523809523809522,23.294663573085845,161077.0,159573.5,0.6419290153156565,1.5901763137363034
2026-05-08,580216,2569.64,97.69,2.15,442.88,1551,161585,565546.0,562866.0,2.5939534538304576,3.082438804262471,2488.08,2479.46,3.278029645349022,3.637082267913168,98.06,98.24000000000001,-0.3773200081582751,-0.5598534201954513,1.74,1.5350000000000001,23.563218390804593,40.06514657980454,448.28,447.365,-1.2046042651913933,-1.002537078224719,2150.0,2155.0,-27.86046511627907,-28.02784222737819,161493.0,159639.0,0.056968413491606446,1.2190003695838736
2026-05-09,534166,2351.4,98.61,1.21,440.2,2428,162492,565546.0,563894.0,-5.54862027138376,-5.271912806307569,2488.08,2485.83,-5.4933924954181474,-5.407851703455178,98.06,98.22,0.560881093208237,0.397067806963959,1.78,1.5350000000000001,-32.02247191011236,-21.172638436482096,444.98,447.365,-1.0742055822733672,-1.6016004828272261,2100.0,2155.0,15.619047619047619,12.668213457076567,161585.0,159694.0,0.5613144784478757,1.752100892957782
2026-05-10,532182,2535.75,98.17,1.63,476.48,2460,161346,565546.0,562866.0,-5.89943169963186,-5.451386297982113,2488.08,2479.46,1.9159351789331565,2.2702523936663614,98.35,98.24000000000001,-0.18301982714793352,-0.0712540716612453,1.44,1.5350000000000001,13.194444444444443,6.188925081433208,444.98,446.63,7.078969841341183,6.6833844569330365,2209.0,2165.0,11.36260751471254,13.625866050808314,161585.0,159718.0,-0.14790976885230683,1.0192965100990496
2026-05-11,576482,2629.19,98.57,1.28,456.07,1708,163007,565546.0,562866.0,1.9337065419965838,2.4190482281750896,2535.75,2485.83,3.6849058463965316,5.767087853956229,98.17,98.22999999999999,0.4074564530915672,0.3461264379517494,1.63,1.575,-21.4723926380368,-18.730158730158728,444.98,449.48,2.492246842554716,1.4661386491056276,2312.0,2189.5,-26.124567474048444,-21.991322219684857,161585.0,159770.5,0.8800321812049385,2.0257181394562824
2026-05-12,563581,2429.52,97.72,2.16,431.09,2157,163839,570635.0,563894.0,-1.2361667265414844,-0.05550688604595899,2535.75,2488.4300000000003,-4.189293108547767,-2.367356124142544,98.55,98.255,-0.8422120750887857,-0.54450155208386,1.28,1.5,68.75000000000001,44.000000000000014,444.98,449.48,-3.1214886062295033,-4.09139450031148,2312.0,2165.0,-6.704152249134948,-0.3695150115473441,161585.0,159894.0,1.394931460222174,2.467259559458141
2026-05-13,575913,2670.9,98.02,1.76,463.77,2196,161829,563581.0,563968.5,2.1881504167102865,2.117937437995207,2488.08,2485.83,7.347834474775737,7.4449982500814675,98.17,98.255,-0.15279616990934675,-0.23917357895272445,1.63,1.5,7.975460122699395,17.333333333333336,442.88,446.63,4.716853323699419,3.8376284620379253,2209.0,2165.0,-0.5885015844273427,1.4318706697459584,162111.0,160040.5,-0.17395488276551252,1.1175296253135925
2026-05-14,577613,2783.13,98.2,1.64,481.83,1903,161883,563581.0,563968.5,2.489792949017089,2.4193727131923146,2535.75,2488.4300000000003,9.755693581780543,11.842808517820465,98.06,98.21000000000001,0.14276973281664346,-0.010182262498732424,1.76,1.555,-6.818181818181825,5.466237942122184,444.98,449.48,8.281271068362615,7.197205659873624,2196.0,2183.0,-13.342440801457196,-12.82638570774164,162111.0,160183.5,-0.14064437329977608,1.0609706992293213
2026-05-15,573055,2667.5,98.21,1.57,465.49,2069,163522,575913.0,564951.0,-0.4962555108150015,1.4344606877410606,2569.64,2488.4300000000003,3.80831556171293,7.196103567309496,98.17,98.185,0.040745645309149474,0.025462137801081093,1.64,1.6349999999999998,-4.26829268292682,-3.975535168195702,456.07,449.48,2.065472405551783,3.5618937438818166,2157.0,2183.0,-4.079740380157626,-5.222171323866239,161883.0,160292.5,1.0124596158954307,2.0147542773367437
2026-05-16,534813,2284.77,98.06,1.8,427.21,1842,163743,573055.0,564951.0,-6.673355960597151,-5.33462194066388,2629.19,2512.2650000000003,-13.099852045687078,-9.055374333519765,98.2,98.185,-0.14256619144602908,-0.1273106890054489,1.63,1.6349999999999998,10.429447852760747,10.091743119266072,463.77,450.82,-7.88321797442698,-5.237123463910211,2157.0,2163.5,-14.603616133518777,-14.860180263461983,162492.0,160369.0,0.769884055830441,2.103897885501562
2026-05-17,541621,2397.95,98.39,1.42,442.74,2641,162181,573055.0,564951.0,-5.485337358543246,-4.129561678800462,2629.19,2512.2650000000003,-8.795104195588763,-4.550276344255104,98.17,98.11500000000001,0.22410104920036555,0.28028334097741575,1.64,1.66,-13.414634146341461,-14.457831325301203,463.77,450.82,-4.5345753282877235,-1.7922896056075561,2069.0,2163.5,27.646205896568393,22.070718742777906,163007.0,160743.5,-0.5067267049881294,0.8942818838708875
2026-05-18,606860,2846.2,97.88,1.91,469.0,2711,162383,573055.0,563968.5,5.89908473008699,7.605300650656907,2629.19,2488.4300000000003,8.253872865787553,14.377338321753053,98.2,98.185,-0.3258655804480727,-0.31063808117330227,1.64,1.6349999999999998,16.463414634146343,16.819571865443436,456.07,449.48,2.835091104435724,4.342796119960839,2069.0,2163.5,31.029482841952632,25.306216778368384,163007.0,161200.5,-0.3828056463832842,0.7335585187390857
2026-05-19,587644,2582.02,98.16,1.73,439.38,2724,162614,573055.0,564951.0,2.5458289343954768,4.016808537377578,2667.5,2512.2650000000003,-3.2044985941893165,2.7765781078031035,98.06,98.11500000000001,0.10197838058331053,0.04586454670538398,1.76,1.66,-1.7045454545454561,4.216867469879522,463.77,449.48,-5.259072385018433,-2.2470410251846626,2157.0,2183.0,26.286509040333794,24.782409528172238,162383.0,161335.0,0.14225627066872765,0.7927604053677132
2026-05-20,589420,2691.63,98.24,1.6,456.66,2570,161884,575913.0,567189.5,2.3453195187467553,3.9194131767248863,2667.5,2552.6949999999997,0.9045923149015974,5.442679207660939,98.16,98.11,0.08149959250203576,0.1325043318723835,1.73,1.705,-7.514450867052017,-6.158357771260996,463.77,449.48,-1.5330875218319333,1.5974014416659263,2196.0,2183.0,17.03096539162113,17.727897388914336,162383.0,161419.5,-0.3072981777649138,0.2877595333897082
2026-05-21,586325,2706.59,98.35,1.52,461.62,2014,162345,577613.0,569734.0,1.5082763026455428,2.9120607160534564,2667.5,2573.93,1.4654170571696399,5.15398631664421,98.2,98.11,0.15274949083502187,0.2446233819182498,1.64,1.705,-7.317073170731701,-10.85043988269795,456.66,451.74,1.086147243025441,2.1870987736308485,2570.0,2183.0,-21.634241245136188,-7.7416399450297755,162383.0,161539.0,-0.023401464439011473,0.4989507177833217
2026-05-22,565435,2465.84,93.91,5.97,436.1,2113,162396,586325.0,570662.0,-3.562870421694453,-0.915953751958252,2667.5,2580.12,-7.559887535145261,-4.429251352650255,98.21,98.16499999999999,-4.378372874452701,-4.334538786736613,1.6,1.66,273.12499999999994,259.6385542168675,456.66,451.74,-4.502255507379671,-3.4621685040067263,2570.0,2163.5,-17.782101167315176,-2.334180725675988,162383.0,161707.0,0.008005764150188135,0.4260792668220918
2026-05-23,541408,2431.5,93.36,6.34,449.11,2298,162705,586325.0,569734.0,-7.660768345201039,-4.971793854676042,2582.02,2573.93,-5.8295443102687035,-5.533561518767016,98.16,98.16499999999999,-4.889975550122247,-4.894819946009263,1.73,1.66,266.4739884393063,281.9277108433735,442.74,451.74,1.4387676740299056,-0.5821932970292636,2570.0,2153.5,-10.583657587548638,6.710006965405155,162383.0,161847.0,0.19829661972004456,0.5301303082540918
2026-05-24,543085,2179.84,93.24,6.6,401.38,1840,163412,586325.0,568090.5,-7.374749498997995,-4.401675437276279,2582.02,2552.6949999999997,-15.576176791814156,-14.606327822164403,98.16,98.16499999999999,-5.012224938875307,-5.017063108032392,1.73,1.685,281.5028901734104,291.69139465875367,449.11,449.895,-10.627685867604821,-10.783627290812298,2570.0,2176.5,-28.404669260700388,-15.460601883758326,162383.0,161874.0,0.6336870238879686,0.950121699593511
2026-05-25,619485,2692.49,94.08,5.65,434.63,2698,163747,586325.0,565490.5,5.655566452053042,9.548259431413967,2582.02,2511.915,4.2784331647314815,7.188738472440343,97.88,98.16499999999999,-3.882304863097668,-4.161360973870519,1.91,1.685,195.81151832460733,235.31157270029675,449.11,448.695,-3.224154438778922,-3.1346460290397706,2298.0,2153.5,17.40644038294169,25.284420710471327,162396.0,161883.5,0.8319170422916821,1.1511364654211207
2026-05-26,588925,2627.85,93.8,6.05,446.21,2284,164920,586325.0,568090.5,0.443440071632627,3.667461434401737,2582.02,2552.6949999999997,1.7749668863912722,2.9441433465416047,94.08,98.16499999999999,-0.29761904761904884,-4.446595018591143,5.65,1.685,7.079646017699106,259.05044510385756,439.38,448.695,1.5544631071054633,-0.5538283243628775,2298.0,2176.5,-0.6092254134029591,4.939122444291293,162614.0,161920.5,1.4180820839534112,1.8524522836824244
2026-05-27,595570,2568.59,97.98,1.79,431.28,2270,163001,586325.0,570662.0,1.5767705624013986,4.364755319260789,2627.85,2575.83,-2.255075441901165,-0.2810744497889916,93.91,98.16499999999999,4.333936747950173,-0.18845820811897118,5.97,1.685,-70.01675041876047,6.231454005934717,446.21,447.245,-3.345958181125481,-3.569631857259451,2284.0,2202.5,-0.6129597197898424,3.064699205448354,162705.0,162034.0,0.1819243415998279,0.5967883283755261
2026-05-28,592388,2810.8,98.67,1.08,474.49,2580,164707,586325.0,571872.0,1.0340681362725452,3.5875160875160876,2568.59,2569.115,9.429687104598242,9.407325090546761,93.91,98.11,5.06868278138644,0.5707878911425973,5.97,1.7349999999999999,-81.90954773869346,-37.75216138328529,436.1,445.595,8.803026828709008,6.4845880227560855,2270.0,2202.5,13.656387665198238,17.13961407491487,163001.0,162146.0,1.0466193458935835,1.5794407509281758
2026-05-29,579725,2484.4,98.23,1.55,428.55,2447,163868,588925.0,571872.0,-1.5621683576007133,1.3732093895137374,2568.59,2575.83,-3.2776737431820595,-3.549535489531523,93.91,98.11,4.600149078905344,0.12231169095913215,5.97,1.7349999999999999,-74.03685092127303,-10.662824207492786,436.1,447.245,-1.7312542994726006,-4.180035550984358,2284.0,2202.5,7.136602451838879,11.101021566401815,163412.0,162263.0,0.27904927422710696,0.9891349229337556
2026-05-30,559347,2480.14,98.55,1.25,443.4,2136,164120,588925.0,571872.0,-5.0223712696862925,-2.190175423871076,2568.59,2569.115,-3.443523489540965,-3.4632548562442675,94.08,98.11,4.7512755102040805,0.4484762001834652,5.65,1.7349999999999999,-77.87610619469027,-27.95389048991354,434.63,445.595,2.0178082506959902,-0.492599782313547,2298.0,2202.5,-7.049608355091384,-3.0192962542565267,163747.0,162364.0,0.22779043280182232,1.081520534108546
2026-05-31,555818,2512.08,98.22,1.6,451.96,2545,164819,588925.0,571872.0,-5.621598675552915,-2.8072715572715574,2568.59,2569.115,-2.2000397105026575,-2.220025183769503,97.98,98.11,0.24494794856092555,0.1121190500458663,1.79,1.7349999999999999,-10.614525139664801,-7.780979827089325,434.63,445.595,3.9872995421392874,1.4284271591916318,2284.0,2202.5,11.427320490367777,15.550510783200908,163868.0,162389.5,0.5803451558571533,1.4960942671786044
2026-06-01,605429,2855.32,98.82,1.01,471.62,2094,163501,588925.0,570662.0,2.8023941928089315,6.09239795185241,2568.59,2552.17,11.162933749644747,11.878127240740236,98.22,98.16499999999999,0.6108735491753149,0.6672439260428882,1.6,1.685,-36.875,-40.0593471810089,443.4,445.595,6.364456472710877,5.840505391667316,2447.0,2239.5,-14.425827543931344,-6.496985934360349,164120.0,162444.0,-0.377163051425786,0.6506857747900815
2026-06-02,585945,2510.55,98.73,0.99,428.46,2524,164825,588925.0,571872.0,-0.5060067071358831,2.4608653684740642,2568.59,2569.115,-2.2596054644766177,-2.279578765450344,98.23,98.185,0.5090094675760969,0.555074604063759,1.55,1.6349999999999998,-36.12903225806452,-39.44954128440366,446.21,447.245,-3.9779476031465006,-4.200158749678593,2284.0,2239.5,10.507880910683012,12.703728510828311,164120.0,162553.0,0.42956373385327806,1.397697981581392
2026-06-03,614366,2871.84,98.13,1.61,467.45,2639,164773,585945.0,574484.0,4.850455247506165,6.942229896742119,2512.08,2569.115,14.321199961784666,11.783240532245555,98.55,98.185,-0.4261796042617978,-0.05601670316240446,1.25,1.6349999999999998,28.800000000000008,-1.5290519877675652,443.4,445.595,5.423996391520075,4.904678014789206,2447.0,2277.0,7.8463424601552925,15.898111550285462,164120.0,162659.5,0.3978796002924689,1.2993400323989683
2026-06-04,581622,2618.19,98.49,1.22,450.15,2236,165153,585945.0,576197.5,-0.7377825563832783,0.9414306726426269,2512.08,2569.115,4.223989681857271,1.9101908633907114,98.55,98.185,-0.060882800608830306,0.3106380811732878,1.25,1.62,-2.400000000000002,-24.691358024691365,451.96,445.595,-0.4004779183998589,1.022228705438784,2524.0,2291.0,-11.410459587955627,-2.400698384984723,164707.0,162853.0,0.270783876823693,1.4123166291072318
2026-06-05,606232,2638.79,98.39,1.48,435.28,2523,165111,581622.0,577047.5,4.231270481515486,5.0575559204398255,2512.08,2569.115,5.0440272602783365,2.712023401054456,98.49,98.185,-0.10153315057365654,0.20878952996893443,1.25,1.62,18.4,-8.641975308641982,450.15,445.595,-3.303343330001112,-2.3148823483207965,2447.0,2277.0,3.1058438904781367,10.80368906455863,164773.0,163004.0,0.2051306949560911,1.2926063164094133
2026-06-06,576182,2632.76,98.61,1.14,456.93,1944,166964,585945.0,578669.0,-1.666197339340723,-0.42977937300944064,2618.19,2575.83,0.5564913165201977,2.2101613848740134,98.49,98.185,0.12183978068839939,0.43285634261852335,1.25,1.62,-8.800000000000008,-29.62962962962964,450.15,445.595,1.5061646117960747,2.5437897642477987,2523.0,2291.0,-22.94887039239001,-15.14622435617634,164819.0,163209.5,1.3014276266692553,2.3004175614777322
2026-06-07,541785,2454.21,97.91,1.8,452.99,2417,164609,585945.0,578669.0,-7.536543532242787,-6.373937432279939,2632.76,2600.105,-6.781856302891269,-5.611119550941211,98.49,98.205,-0.5888922733272396,-0.30039203706532425,1.22,1.605,47.54098360655738,12.149532710280377,451.96,447.65999999999997,0.22789627400655582,1.1906357503462541,2523.0,2277.0,-4.2013476020610385,6.148440931049627,164825.0,163456.5,-0.13104808129834675,0.7050805566006858
2026-06-08,594786,2622.99,98.41,1.46,441.0,2324,164815,585945.0,577047.5,1.508844686788009,3.074010371763156,2632.76,2600.105,-0.3710934532581943,0.8801567628999507,98.49,98.205,-0.08122652045892811,0.2087470088081038,1.22,1.605,19.672131147540984,-9.034267912772586,452.99,449.63,-2.646857546524208,-1.919355914863331,2417.0,2291.0,-3.847745138601572,1.4404190309908338,164825.0,163511.5,-0.006067040800849386,0.7971916348391398
2026-06-09,603600,2722.52,98.52,1.37,451.05,2256,164861,585945.0,578669.0,3.0130814325576636,4.308335162243009,2622.99,2620.59,3.7945245692892544,3.8895821170041796,98.41,98.205,0.11177725840869773,0.32075759890025735,1.46,1.605,-6.1643835616438265,-14.641744548286598,450.15,449.63,0.1999333555481582,0.31581522585237104,2417.0,2291.0,-6.661150186181216,-1.5277171540811871,164825.0,163632.5,0.021841346883057788,0.7507677264602081
2026-06-10,597126,2652.55,97.67,2.08,444.22,2701,165035,594786.0,580673.5,0.39341880945415664,2.833347827996284,2632.76,2625.42,0.7516826448289993,1.0333584721682667,98.41,98.215,-0.751956102022147,-0.5549050552359636,1.46,1.6,42.46575342465754,30.0,451.05,449.63,-1.5142445405165688,-1.2032115294797874,2324.0,2277.0,16.222030981067125,18.620992534036013,164861.0,163745.0,0.10554345782204404,0.7878103148187731
2026-06-11,585267,2643.67,97.85,1.94,451.7,12804,165090,594786.0,583783.5,-1.6004075415359476,0.25411817908522594,2632.76,2625.42,0.4143940199638346,0.6951268749381051,98.41,98.205,-0.5690478609897391,-0.361488722570138,1.46,1.605,32.87671232876712,20.872274143302178,450.15,447.65999999999997,0.3443296678884842,0.9024706250279277,2324.0,2291.0,450.9466437177281,458.8825840244435,165035.0,163793.0,0.033326264125791503,0.7918531316967148
2026-06-12,605629,2785.48,97.59,2.14,459.93,1996,166671,594786.0,585606.0,1.823008611500607,3.419193109360218,2638.79,2630.3050000000003,5.558987263101651,5.899505950830786,98.39,98.205,-0.8130907612562223,-0.6262410264243113,1.48,1.605,44.594594594594604,33.33333333333334,451.05,449.63,1.968739607582307,2.2907724128728093,2417.0,2311.0,-17.41828713280927,-13.630463003028993,165035.0,163807.5,0.9913048747235436,1.7480884574882103
2026-06-13,545314,2583.64,98.12,1.75,473.79,1756,166976,594786.0,586135.0,-8.317613393724802,-6.964436520596791,2643.67,2630.3050000000003,-2.2707070095738198,-1.7741288557790984,97.91,98.205,0.21448268818303334,-0.0865536377984764,1.8,1.605,-2.77777777777778,9.034267912772586,451.7,449.63,4.8904139915873435,5.373306941262822,2324.0,2311.0,-24.440619621342513,-24.015577672003463,165035.0,163994.0,1.1761141576029328,1.818359208263717
2026-06-14,563172,2429.71,98.42,1.33,431.43,2423,165503,594786.0,586135.0,-5.315188992343465,-3.9176981412132017,2643.67,2625.42,-8.093294548865783,-7.454426339404745,97.91,98.185,0.5208865284444951,0.2393440953302433,1.8,1.605,-26.111111111111107,-17.13395638629283,451.7,449.63,-4.487491698029662,-4.047772613037384,2324.0,2311.0,4.259896729776248,4.846386845521419,165035.0,164364.5,0.2835762111067349,0.692667820606031
2026-06-15,596034,2872.86,98.65,1.21,482.0,2002,165414,594786.0,586135.0,0.20982336504221685,1.6888600748974212,2643.67,2620.59,8.669387631587908,9.626458164001235,98.12,98.19,0.5401549123522229,0.46847947856197986,1.75,1.605,-30.85714285714286,-24.61059190031153,451.05,447.65999999999997,6.861766988138784,7.671000312737353,2324.0,2370.5,-13.855421686746988,-15.54524361948956,165090.0,164658.0,0.19625658731600945,0.4591334766607149
2026-06-16,626847,2637.26,98.22,1.65,420.72,3057,166577,596034.0,586984.5,5.169671528805404,6.791065181448573,2652.55,2625.42,-0.5764264575597052,0.4509754629735488,98.12,98.225,0.10191602119852662,-0.005090353779583052,1.75,1.6,-5.71428571428572,3.124999999999989,451.7,449.63,-6.8585344255036444,-6.4297311122478416,2256.0,2370.5,35.505319148936174,28.960134992617593,165414.0,164740.0,0.703084382216741,1.1150904455505646
2026-06-17,599263,2683.04,98.69,1.18,447.72,1773,165878,596034.0,588284.5,0.5417476184244523,1.8661888932990756,2643.67,2630.3050000000003,1.4892176406283648,2.0049005723670703,98.12,98.22,0.5809213208316277,0.47851761352066674,1.75,1.605,-32.57142857142858,-26.479750778816204,451.7,449.63,-0.8811157848129204,-0.4247937192802901,2423.0,2370.5,-26.826248452331818,-25.205652815861633,165503.0,164794.0,0.22658199549252883,0.6577909389904972
2026-06-18,605673,2778.98,97.79,1.95,458.82,2936,166946,596034.0,588284.5,1.617189623410745,2.95579774751842,2643.67,2630.3050000000003,5.118263625944235,5.652386320217606,98.22,98.225,-0.43779271024230565,-0.4428607788241162,1.65,1.6,18.181818181818183,21.874999999999993,451.7,448.415,1.5762674341377032,2.3203951696531053,2002.0,2311.0,46.65334665334665,27.044569450454347,165878.0,164817.0,0.6438466825015976,1.2917356826055564
2026-06-19,620331,2817.64,97.69,2.08,454.21,2546,166722,599263.0,589172.5,3.5156517255362,5.288519066996508,2683.04,2635.01,5.0166974774882185,6.93090348803229,98.22,98.225,-0.5396049684382012,-0.5446678544158785,1.65,1.6,26.060606060606073,30.0,458.82,449.63,-1.0047513185998895,1.018615305918196,2002.0,2311.0,27.172827172827173,10.168758113370835,166577.0,164822.0,0.087046831195183,1.1527587336641953
2026-06-20,548461,2416.85,98.18,1.61,440.66,2167,165467,599263.0,590656.5,-8.477413089077752,-7.143830635911058,2683.04,2635.01,-9.921208778102454,-8.279285467607345,98.22,98.22,-0.040724903278346616,-0.040724903278346616,1.65,1.605,-2.424242424242413,0.311526479750786,454.21,449.63,-2.983201602782844,-1.994973644996991,2423.0,2311.0,-10.565414775072226,-6.231068801384683,166577.0,164843.0,-0.6663585008734699,0.3785420066366179
2026-06-21,565601,2527.55,98.32,1.51,446.88,2108,168038,599263.0,590656.5,-5.617233168074785,-4.241974819544016,2683.04,2630.3050000000003,-5.795291907686795,-3.9065811759472795,98.22,98.2,0.101812258195881,0.12219959266801461,1.61,1.61,-6.211180124223608,-6.211180124223608,447.72,448.415,-0.1876172607879996,-0.34231682704638,2423.0,2311.0,-13.00041271151465,-8.784076157507572,165878.0,164890.5,1.302161829778512,1.9088425348943692
2026-06-22,628820,2783.19,98.19,1.53,442.6,2640,168356,599263.0,590656.5,4.932225083143795,6.461200376191576,2683.04,2630.3050000000003,3.7327061840300586,5.812443804045529,98.22,98.22,-0.030543677458767193,-0.030543677458767193,1.61,1.605,-4.968944099378886,-4.67289719626168,447.72,448.415,-1.1435718752791932,-1.2967898040877306,2167.0,2311.0,21.82741116751269,14.236261358719169,166577.0,164977.5,1.0679745703188315,2.0478550105317392
2026-06-23,593872,2619.92,97.58,2.24,441.16,2364,166549,605673.0,593587.0,-1.948411106323049,0.04801318088165678,2683.04,2635.01,-2.3525553103941754,-0.5726733484882465,98.19,98.22,-0.6212445259191358,-0.651598452453676,1.61,1.5750000000000002,39.1304347826087,42.22222222222222,446.88,447.3,-1.2799856784819124,-1.372680527610102,2546.0,2370.5,-7.148468185388845,-0.27420375448217676,166722.0,165062.5,-0.10376554983745398,0.9005679666792882
2026-06-24,616668,2853.59,98.17,1.56,462.74,2806,166849,599263.0,594329.0,2.9044009057792657,3.7586925759974696,2683.04,2635.01,6.356595503607855,8.295224686054318,98.18,98.22,-0.010185373803223787,-0.0509061290979405,1.61,1.5750000000000002,-3.105590062111804,-0.9523809523809601,446.88,447.3,3.5490511994271423,3.4518220433713385,2364.0,2390.5,18.697123519458543,17.381300983057937,166722.0,165100.5,0.07617470999628123,1.0590519108058425
2026-06-25,618397,2815.9,97.81,2.0,455.36,2508,167508,605673.0,594329.0,2.100803568922504,4.049608886660418,2778.98,2635.01,1.3285450057215262,6.86486958303763,98.17,98.22,-0.3667108077824177,-0.4174302586031324,1.61,1.5550000000000002,24.223602484472043,28.617363344051434,446.88,448.935,1.8976011457214508,1.4311648679652982,2546.0,2390.5,-1.4925373134328357,4.915289688349718,166849.0,165132.0,0.3949679051118077,1.4388489208633095
2026-06-26,625632,2750.32,98.4,1.42,439.61,2549,167667,616668.0,595178.0,1.4536184786627488,5.116788590976145,2783.19,2638.025,-1.1810189027698392,4.2567830100169655,98.17,98.22,0.23428746052766014,0.18326206475260315,1.61,1.5550000000000002,-11.801242236024855,-8.681672025723488,446.88,450.6,-1.6268349445041135,-2.43897026187306,2508.0,2420.0,1.634768740031898,5.330578512396694,166849.0,165283.5,0.4902636515651877,1.4420677200083494
2026-06-27,553417,2565.05,98.31,1.5,463.49,2113,168046,616668.0,595410.0,-10.256896741844884,-7.052787155069616,2750.32,2641.23,-6.736307047907151,-2.884262256600138,98.18,98.225,0.1324098594418369,0.08653601425299869,1.56,1.54,-3.8461538461538494,-2.5974025974025996,442.6,450.6,4.719837324898324,2.8606302707501077,2508.0,2435.0,-15.749601275917065,-13.22381930184805,167508.0,165440.5,0.32117868997301624,1.5748864395356637
2026-06-28,553186,2514.84,97.92,1.92,454.61,2196,169248,616668.0,595410.0,-10.294356120311091,-7.091583950555079,2750.32,2638.025,-8.561912795601966,-4.669591834800654,98.19,98.225,-0.2749770852428924,-0.310511580554841,1.53,1.54,25.490196078431364,24.675324675324667,446.88,450.6,1.7297708557107094,0.889924545051041,2508.0,2420.0,-12.440191387559809,-9.256198347107437,167667.0,165485.0,0.9429404712913095,2.2739221077439042
2026-06-29,624855,2888.04,98.05,1.7,462.19,2595,167618,616668.0,595410.0,1.3276187510945923,4.9453317881795735,2750.32,2638.025,5.0074173187119975,9.477355218392542,98.17,98.22,-0.12223693592747738,-0.1730808389330093,1.56,1.545,8.974358974358967,10.032362459546928,454.61,451.375,1.6673632344207088,2.396012184990307,2508.0,2390.5,3.4688995215311005,8.554695670361848,167667.0,165690.5,-0.029224593986890684,1.1633135273295692
2026-06-30,622877,2861.77,97.88,1.92,459.44,1958,167241,616668.0,596580.0,1.0068626878644586,4.407958697911429,2750.32,2641.23,4.052255737514173,8.349897585594588,98.05,98.205,-0.17338092809791097,-0.33094037981773117,1.7,1.58,12.941176470588234,21.518987341772142,455.36,451.83,0.895994378074487,1.6842617798729642,2508.0,2420.0,-21.929824561403507,-19.090909090909093,167618.0,166213.5,-0.22491617845338804,0.6181808336867943
